{
  "highs": [
    29.909862518310547,
    26.26699447631836,
    0.0,
    0.0,
    21.20724105834961,
    34.91117477416992,
    28.98605728149414,
    47.702152252197266,
    25.017847061157227,
    0.0,
    20.986604690551758,
    0.0,
    18.64076805114746,
    35.97879409790039,
    0.0,
    19.601293563842773
  ],
  "lows": [
    0.00028043612837791443,
    0.0,
    0.0,
    0.0,
    0.004125744104385376,
    5.576841831207275,
    0.0021321214735507965,
    23.024473190307617,
    2.822951555252075,
    0.0,
    0.0012453645467758179,
    0.0,
    0.0,
    11.48003101348877,
    0.0,
    0.004652589559555054
  ]
}